SERVICE_LINE,SERVICE_TYPE
Appliances,A/C Unit Repair and Replacement
Appliances,Air Compressor Installation
Appliances,Air Compressor Repair
Appliances,Appliances
Appliances,Assembly - Fixtures/Goods
Appliances,"Auto Lift Install, Repair, Replace"
Appliances,Basic Clog
Appliances,Cold Case
Appliances,Cold Case Installation
Appliances,Cold Case Repair
Appliances,Concrete Construction
Appliances,Cracksealing
Appliances,"Diagnostic - Auto, Tire"
Appliances,Diagnostic - Food Appliances - Cold
Appliances,Diagnostic - Food appliances - Hot
Appliances,Dish Washer Installation
Appliances,Dish Washer Repair
Appliances,Door Replacement and Installation
Appliances,Double Rack Oven Installation
Appliances,Drain Maintenance and Repair
Appliances,Extensive Clog
Appliances,Fence Installation and Repair
Appliances,Fixture Repair and Replacement
Appliances,Fixtures
Appliances,Fryer Installation
Appliances,Fryer Repair
Appliances,General Equipment Repair
Appliances,General Fixtures
Appliances,General Fixtures Installation
Appliances,General Fixtures Repair or Replace
Appliances,General Plumbing
Appliances,High Tree Pruning
Appliances,Hot Case Installation
Appliances,Hot Case Repair
Appliances,Ice Machine Installation
Appliances,Ice Machine Repair or Replace
Appliances,Interior Lighting
Appliances,Large Appliance Installation
Appliances,Leak Detection and Repair
Appliances,Loading Dock Repair and Replacement
Appliances,Mechanical Repair
Appliances,Oil Pump Installation
Appliances,Oil Pump Repair
Appliances,Pan Washer Installation
Appliances,Pan Washer Repair
Appliances,Refrigeration Repair and Replacement
Appliances,Rotisserie/Pizza Oven Installation
Appliances,Routine Landscaping Service
Appliances,Single & Mini Rack Oven Installation
Appliances,Small Appliance Installation
Appliances,"Small Appliance Repair - Food, Cold"
Appliances,"Small Appliance Repair - Food, Hot"
Appliances,Soda Dispenser/Soda Bibs Installation
Appliances,Soda Dispenser/Soda Bibs Repair or Replace
Appliances,Washer Installation
Appliances,Wiring Installation
Construction,A/C Unit Repair and Replacement
Construction,Air Vent Repair and Replacement
Construction,Appliances
Construction,Assembly - Fixtures/Goods
Construction,Automatic Door Lock Repair and Replacement
Construction,Awning Repair or Replace
Construction,Bollard Repair and Replacement
Construction,Breaker Repair
Construction,Building Exterior Power Washing
Construction,Building Preventative Maintenance
Construction,Cabinet Installation
Construction,Ceiling Tiles
Construction,Concrete Floor Installation
Construction,Concrete Floor Installation and Repair
Construction,Concrete Floor Repair
Construction,Concrete Wall Installation and Removal
Construction,Construction
Construction,Conveyance Repair
Construction,Cracksealing
Construction,Curb Repair
Construction,Demo / Tear Down - Small
Construction,Demo/Tear Down - Large
Construction,Disaster Relief
Construction,Dock Leveler Repair or Replace
Construction,Door Lock Installation and Replacement
Construction,Door Replacement and Installation
Construction,Drop Box Removal
Construction,Drop Box Repair
Construction,Duct Work Installation
Construction,Dumpster/Dumpster Enclosure Repair
Construction,Electrical
Construction,Electrical - Alarm
Construction,Elevator Repair
Construction,Emergency Signs and Lighting Repair
Construction,Exterior Lighting
Construction,Exterior Painting
Construction,Fence Installation and Repair
Construction,Fire Hydrants Repair
Construction,Fire Line Backflow PMI
Construction,Fire and Sprinkler Safety Backflow Repair
Construction,Fixture Repair and Replacement
Construction,Fixtures
Construction,Floor Repair and Replacement
Construction,Flooring Installation
Construction,Foundation Repair
Construction,Foundation Water Proofing
Construction,Fuel Island Repair
Construction,Gas Heater Repair and Replacement
Construction,Gas Line Installation and Repair
Construction,Gas Piping
Construction,Gate Maintenance and Repair
Construction,Gate Maintenance and Repair - Specialist
Construction,General Carpentry
Construction,General Equipment Repair
Construction,General Fixtures
Construction,General Plumbing
Construction,Generator Hookup
Construction,Glass Panel Installation and Repair
Construction,Guardrail Repair and Installation
Construction,Gutter Maintenance and Repair
Construction,Insulation Installation and Repair
Construction,Interior Lighting
Construction,Interior Painting
Construction,Irrigation Startup
Construction,Janitorial Preventative Maintenance
Construction,Jetting with Trailer Jetter
Construction,Leak Detection and Repair
Construction,Loading Dock Repair and Replacement
Construction,Loading Dock Repairs
Construction,Low Voltage
Construction,Mechanical Repair
Construction,Mold Mitigation
Construction,Overhead Doors
Construction,Parking Lot Repair and Replacement
Construction,Pest Control
Construction,Porta Potty/Hand Washing Rental
Construction,Refrigeration Repair and Replacement
Construction,Restroom Cleaning
Construction,Roof Repair and Maintenance
Construction,Routine Portering Service
Construction,Scissor Lift Repair
Construction,Sewer Maintenance and Repair
Construction,Sidewalk Pressure Washing w/o Gum Removal
Construction,Sidewalk Repair and Replacement
Construction,Sprinklers Repair
Construction,Stone and Masonry
Construction,Striping
Construction,Wall Installation
Construction,Wall Repair
Construction,Wall Repair and Replacement
Construction,Wall Replacement and Installation
Construction,Water Damage Repair
Construction,Window Installation and Replacement
Construction,Window Installation and Replacement - Large
Construction,Wiring Installation
Electrical,A/C Unit Repair and Replacement
Electrical,Air Compressor Installation
Electrical,Air Vent Repair and Replacement
Electrical,Appliances
Electrical,Arborist Tree Maintenance
Electrical,Assembly - Fixtures/Goods
Electrical,Automatic Door Lock Repair and Replacement
Electrical,Automatic Security Gate Repair and Replacemenet
Electrical,Ballast
Electrical,Basic Clog
Electrical,Bollard Repair
Electrical,Breaker Repair
Electrical,Building Access
Electrical,Building Preventative Maintenance
Electrical,Cabinet Installation
Electrical,Carpet Repair and Replacement
Electrical,Ceiling Tiles
Electrical,Communication Systems
Electrical,Concrete Construction
Electrical,Concrete Floor Installation and Repair
Electrical,Construction
Electrical,Countertop Repairs
Electrical,Data Systems
Electrical,Disaster Relief
Electrical,Disconnects
Electrical,Domestic Backflow Inspection and Repair
Electrical,Door Lock Installation and Replacement
Electrical,Door Replacement and Installation
Electrical,Drain Maintenance and Repair
Electrical,Drop Box Removal
Electrical,Duct Work Installation
Electrical,Electrical
Electrical,Electrical - Alarm
Electrical,Electrical/Wiring Inspection
Electrical,Emergency Lighting
Electrical,Emergency Signs and Lighting Repair
Electrical,Exterior Building Lighting
Electrical,Exterior Lighting
Electrical,Exterior Painting
Electrical,Exterior Repair/Replacement
Electrical,Faucet/Sink Repair and Replacement
Electrical,Fence Installation and Repair
Electrical,Fire Alarm PMI
Electrical,Fire Alarm Repair
Electrical,Fire Extinguishers PMI
Electrical,Fire Hydrants Repair
Electrical,Fire Life Safety
Electrical,Fire Specialist
Electrical,Fixture Repair and Replacement
Electrical,Fixtures
Electrical,Floor Repair and Replacement
Electrical,Gate Lock Removal and Replacement
Electrical,Gate Maintenance and Repair
Electrical,General Carpentry
Electrical,General Fixtures
Electrical,General Plumbing
Electrical,Generator Hookup
Electrical,"Glass Repair, Replacement, Tinting"
Electrical,Gutter Maintenance and Repair
Electrical,HVAC Preventative Maintenance
Electrical,High Voltage
Electrical,Interior & Exterior Cleaning
Electrical,Interior Inspection
Electrical,Interior Lighting
Electrical,Lamp/Bulb Replacement
Electrical,Landscape Lighting
Electrical,Leak Detection and Repair
Electrical,Lift Station Maintenance
Electrical,Lighting PMI
Electrical,Loading Dock Repair and Replacement
Electrical,Lockbox Installation and Repair
Electrical,Low Voltage
Electrical,Mechanical Repair
Electrical,Outlet Repair and Replacement
Electrical,Parking Lot Lighting
Electrical,Pest Control
Electrical,Power Drops
Electrical,Re-Key
Electrical,Refrigeration Repair and Replacement
Electrical,Roof Repair and Maintenance
Electrical,Safety Repairs
Electrical,Security Camera Installation and Maintenance
Electrical,Security Systems
Electrical,Shelf Installation
Electrical,Sidewalk Repair and Replacement
Electrical,Sign Repair and Installation
Electrical,Signage
Electrical,Single & Mini Rack Oven Installation
Electrical,Wall Repair
Electrical,Wall Replacement and Installation
Electrical,Water Heater Repair
Electrical,WiFi Setup
Electrical,Window Installation and Replacement
Electrical,Wiring Installation
Electrical,Wiring Repair
Fire Life Safety,Appliances
Fire Life Safety,Assembly - Fixtures/Goods
Fire Life Safety,Breaker Repair
Fire Life Safety,Building Preventative Maintenance
Fire Life Safety,CO2 Suppression System Inspection
Fire Life Safety,CO2 Suppression System Repair
Fire Life Safety,Ceiling Tiles
Fire Life Safety,Display Case Lock Repair and Replacement
Fire Life Safety,Domestic Backflow Inspection and Repair
Fire Life Safety,Emergency Lighting
Fire Life Safety,Emergency Signs and Lighting PMI
Fire Life Safety,Emergency Signs and Lighting Repair
Fire Life Safety,Exterior Lighting
Fire Life Safety,FLS Inspection
Fire Life Safety,Fire Alarm PMI
Fire Life Safety,Fire Alarm Repair
Fire Life Safety,Fire Extinguishers PMI
Fire Life Safety,Fire Extinguishers Repair
Fire Life Safety,Fire Hydrants PMI
Fire Life Safety,Fire Hydrants Repair
Fire Life Safety,Fire Line Backflow PMI
Fire Life Safety,Fire Line Backflow Repair
Fire Life Safety,Fire Pump PMI
Fire Life Safety,Fire Pump Repair
Fire Life Safety,Fire Specialist
Fire Life Safety,Fire and Sprinkler Safety Backflow Repair
Fire Life Safety,Fire watch
Fire Life Safety,Fixture Repair and Replacement
Fire Life Safety,Fixtures
Fire Life Safety,Gas Piping
Fire Life Safety,General Carpentry
Fire Life Safety,General Plumbing
Fire Life Safety,Hood Vent Cleaning
Fire Life Safety,Hood Vent Inspection
Fire Life Safety,Interior Lighting
Fire Life Safety,Kitchen Vent Cleaning
Fire Life Safety,Lamp/Bulb Replacement
Fire Life Safety,Leak Detection and Repair
Fire Life Safety,Lockbox Installation and Repair
Fire Life Safety,Outlet Repair and Replacement
Fire Life Safety,Pest Control
Fire Life Safety,Sign Repair and Installation
Fire Life Safety,Sprinklers PMI
Fire Life Safety,Sprinklers Repair
Fire Life Safety,Stabilization Services
Fire Life Safety,Striping
Fire Life Safety,Wall Repair
Fire Life Safety,Water Heater Repair
Fire Life Safety,Water Storage Tank Inspection
Fire Life Safety,Wiring Repair
HVAC,A/C Unit Repair and Replacement
HVAC,A/C Window Unit Repair and Replacement
HVAC,Air Vent Repair and Replacement
HVAC,Annual A/C Unit PM Services
HVAC,Annual Heater PM Services
HVAC,Appliances
HVAC,Assembly - Fixtures/Goods
HVAC,Baseboard Heater Repair or Replace
HVAC,Bio-Hazard Cleaning
HVAC,Boiler Installation
HVAC,Boiler Repair and Replacement
HVAC,Breaker Repair
HVAC,Building Preventative Maintenance
HVAC,Cabinet Installation
HVAC,Ceiling Tiles
HVAC,Central Heat Inspection/Survey
HVAC,Central Heat Repair or Replace
HVAC,Chilled Water Pumps Repair or Replace
HVAC,Chiller Inspection/Survey
HVAC,Chiller Repair and Replacement
HVAC,Cold Case
HVAC,Cooling Tower Inspection/Survey
HVAC,Cooling Tower Repair or Replace
HVAC,Countertop Repairs
HVAC,Disconnects
HVAC,Door Replacement and Installation
HVAC,Duct Work Installation
HVAC,Duct Work Insulation
HVAC,Ductwork Inspection/Survey
HVAC,Ductwork Repair or Replace
HVAC,EMS/BAS Repair or Replace
HVAC,Electric Heater Repair and Replacement
HVAC,Electric Heating System Repair and Replacement
HVAC,Electrical - Alarm
HVAC,Evaporative Cooler Repair or Replace
HVAC,Exhaust Fan Repair and Replacement
HVAC,Extensive Clog
HVAC,Exterior Lighting
HVAC,Exterior Repair/Replacement
HVAC,Fire and Sprinkler Safety Backflow Repair
HVAC,Fixture Repair and Replacement
HVAC,Fixtures
HVAC,Floor Repair and Replacement
HVAC,Furnace Repair and Maintenance
HVAC,Gas Heater Repair and Replacement
HVAC,Gas Line Installation and Repair
HVAC,Gas Piping
HVAC,General Carpentry
HVAC,General Equipment Repair
HVAC,General Fixtures
HVAC,General Plumbing
HVAC,HVAC
HVAC,HVAC Inspection
HVAC,HVAC Preventative Maintenance
HVAC,High Voltage
HVAC,Humidifier Repair and Replacement
HVAC,Interior Lighting
HVAC,Lamp/Bulb Replacement
HVAC,Leak Detection and Repair
HVAC,Main Line Repair and Replacement
HVAC,Make-Up Air (MAU) Repair or Replace
HVAC,Mechanical Repair
HVAC,Mini-split A/C Unit Repair and Replacement
HVAC,Outlet Repair and Replacement
HVAC,Overhead Heater Installation
HVAC,Overhead Heater Installation and Replacement
HVAC,Portable Air Conditioner Installation and Replacement
HVAC,Portable Heater Installation and Replacement
HVAC,Power Drops
HVAC,Radiator Repair and Replacement
HVAC,Refrigeration Repair and Replacement
HVAC,Roof Repair and Maintenance
HVAC,Safety Repairs
HVAC,Split A/C Unit Repair and Replacement
HVAC,Sprinklers Repair
HVAC,"Unit Heater, Overhead Inspection/Survey"
HVAC,"Unit Heater, Overhead Repair or Replace"
HVAC,VFD Repair or Replace
HVAC,Wall Repair
HVAC,Water Heater Replacement
HVAC,Wiring Installation
HVAC,Wiring Repair
Handyman,A/C Unit Repair and Replacement
Handyman,Air Compressor Installation
Handyman,Air Vent Repair and Replacement
Handyman,Alarm Installation and Repair
Handyman,Annual A/C Unit PM Services
Handyman,Appliances
Handyman,Arborist Tree Maintenance
Handyman,Asphalt Milling
Handyman,Asphalt Paving
Handyman,Assembly - Fixtures/Goods
Handyman,Automatic Door Lock Repair and Replacement
Handyman,Automatic Security Gate Repair and Replacemenet
Handyman,Ballast
Handyman,Basic Clog
Handyman,Bathroom Exhaust Fan Repair and Replacement
Handyman,Bio-Hazard Cleaning
Handyman,Bollard Repair
Handyman,Bollard Repair and Replacement
Handyman,Bollard Replacement
Handyman,Breaker Repair
Handyman,Building Access
Handyman,Building Exterior Power Washing
Handyman,Building Preventative Maintenance
Handyman,Cabinet Installation
Handyman,Camera Inspection
Handyman,Carpet Cleaning
Handyman,Carpet Repair and Replacement
Handyman,Cart Retrieval
Handyman,Ceiling Tiles
Handyman,Chemical Application - Weeds
Handyman,Cob Web Cleaning
Handyman,Cold Case
Handyman,Cold Patch
Handyman,Communication Systems
Handyman,Concrete Construction
Handyman,Concrete Floor Cleaning
Handyman,Concrete Floor Installation and Repair
Handyman,Concrete Wall Installation and Removal
Handyman,Construction
Handyman,Conveyance Repair
Handyman,Countertop Repairs
Handyman,Cracksealing
Handyman,Curb Repair
Handyman,Data Systems
Handyman,Decorating - Holiday
Handyman,Deep Scrub
Handyman,Demo / Tear Down - Small
Handyman,Disaster Relief
Handyman,Disconnects
Handyman,Display Case Lock Repair and Replacement
Handyman,Domestic Backflow Inspection and Repair
Handyman,Door Alarm Repair and Replacement
Handyman,Door Lock Installation and Replacement
Handyman,Door Replacement and Installation
Handyman,Drain Maintenance and Repair
Handyman,Drinking Fountain Replacement
Handyman,Drop Box Removal
Handyman,Drop Box Repair
Handyman,Duct Work Installation
Handyman,Duct Work Insulation
Handyman,Dumpster/Dumpster Enclosure Repair
Handyman,Eco Waste Clean Up
Handyman,Electrical - Alarm
Handyman,Electrical/Wiring Inspection
Handyman,Emergency Exit Door Lock Repair and Replacement
Handyman,Emergency Lighting
Handyman,Emergency Signs and Lighting Repair
Handyman,Exhaust Fan Repair and Replacement
Handyman,Extensive Clog
Handyman,Exterior Lighting
Handyman,Exterior Painting
Handyman,Exterior Repair/Replacement
Handyman,Exterior Window Cleaning
Handyman,Fall Cleanup
Handyman,Faucet/Sink Repair and Replacement
Handyman,Fence Installation and Repair
Handyman,Fire Extinguishers PMI
Handyman,Fire Extinguishers Repair
Handyman,Fire and Sprinkler Safety Backflow Repair
Handyman,Fixture Cleaning
Handyman,Fixture Repair and Replacement
Handyman,Fixtures
Handyman,Floor Repair and Replacement
Handyman,Floor Repair and Replacement - Minor
Handyman,Floor Repair and Replacement - Specialist
Handyman,Flooring Installation
Handyman,Flower Installation
Handyman,Flush Valve Repair and Replacement
Handyman,Fountain Maintenance and Repair
Handyman,Fryer Installation
Handyman,Fuel Island Repair
Handyman,Furnace Repair and Maintenance
Handyman,Gas Heater Repair and Replacement
Handyman,Gas Line Installation and Repair
Handyman,Gas Piping
Handyman,Gate Lock Removal and Replacement
Handyman,Gate Maintenance and Repair
Handyman,Gate Maintenance and Repair - Specialist
Handyman,General Carpentry
Handyman,General Equipment Repair
Handyman,General Fixtures
Handyman,General Plumbing
Handyman,General Pressure Washing
Handyman,Generator Hookup
Handyman,Glass Panel Installation and Repair
Handyman,Glass Repair or Replacement
Handyman,"Glass Repair, Replacement, Tinting"
Handyman,Glass Tinting
Handyman,Graffiti Removal
Handyman,Guardrail Repair and Installation
Handyman,Gutter Maintenance and Repair
Handyman,HVAC Preventative Maintenance
Handyman,Handyman
Handyman,High Tree Pruning
Handyman,High Voltage
Handyman,Homeless Encampment Clean Up
Handyman,Hot Case Installation
Handyman,Hot Patch
Handyman,Humidifier Repair and Replacement
Handyman,Insulation Installation and Repair
Handyman,Interior & Exterior Cleaning
Handyman,Interior Inspection
Handyman,Interior Lighting
Handyman,Interior Painting
Handyman,Interior Window Cleaning
Handyman,Irrigation Line Repair and Replacement
Handyman,Janitorial Preventative Maintenance
Handyman,Lamp/Bulb Replacement
Handyman,Large Debris Removal (Bulk Trash)
Handyman,Leak Detection
Handyman,Leak Detection and Repair
Handyman,Lift Station Maintenance
Handyman,Loading Dock Repair and Replacement
Handyman,Loading Dock Repairs
Handyman,Lockbox Installation and Repair
Handyman,Low Voltage
Handyman,Mailbox Lock Repair and Replacement
Handyman,Main Line Repair and Replacement
Handyman,Mechanical Repair
Handyman,Mill & Overlay
Handyman,Mold Mitigation
Handyman,Mowing
Handyman,Mulching
Handyman,Oil Pump Installation
Handyman,Outlet Repair and Replacement
Handyman,Overhead Door Repair - major
Handyman,Overhead Door Repair - minor
Handyman,Overhead Doors
Handyman,Paint Machine Repair
Handyman,"Painting, extra large"
Handyman,"Painting, large"
Handyman,"Painting, medium"
Handyman,"Painting, small"
Handyman,Palm Tree Pruning
Handyman,Parking Lot Repair and Replacement
Handyman,Parking Lot Sweeping - Manual
Handyman,Parking Lot Sweeping - Truck
Handyman,Pest Control
Handyman,Pest Exclusion
Handyman,Plant Material
Handyman,Plumbing Preventative Maintenance
Handyman,Porta Potty/Hand Washing Rental
Handyman,Pressure Wash Awning
Handyman,Pressure Wash Dumpster/Compactor Areas
Handyman,Pressure Washing
Handyman,Re-Key
Handyman,Refrigeration Repair and Replacement
Handyman,Restroom Cleaning
Handyman,Retention Pond Maintenance
Handyman,River Rock Install
Handyman,Roof Drains
Handyman,Roof Pressure Washing
Handyman,Roof Repair and Maintenance
Handyman,Routine Landscaping Service
Handyman,Routine Portering Service
Handyman,Safe Installation and Repair
Handyman,Safety Repairs
Handyman,Scissor Lift Repair
Handyman,Sealcoating
Handyman,Securing Entry
Handyman,Security Door Repair and Replacement
Handyman,Security Gate Repair and Replacement
Handyman,Security Systems
Handyman,Septic Pump Out
Handyman,Sewer Maintenance and Repair
Handyman,Shelf Installation
Handyman,Shopping Cart Repair
Handyman,Showroom Preventative Maintenance
Handyman,Shrub Pruning
Handyman,Shrub Removal
Handyman,Sidewalk Pressure Washing w/o Gum Removal
Handyman,Sidewalk Repair and Replacement
Handyman,Sign Repair and Installation
Handyman,Signage
Handyman,Single & Mini Rack Oven Installation
Handyman,Sod
Handyman,Split A/C Unit Repair and Replacement
Handyman,Spot Cleaning
Handyman,Spring Cleanup
Handyman,Sprinkler Head Replacement
Handyman,Sprinklers Repair
Handyman,Stabilization Services
Handyman,Stone and Masonry
Handyman,Store Cleanup/Refresh
Handyman,Storm Cleanup
Handyman,Storm Drain Cleaning
Handyman,Striping
Handyman,Stuck Key
Handyman,Tile Floor Cleaning
Handyman,Tile Repair and Replacement
Handyman,Toilet Seat Replacement
Handyman,Toilet/Urinal Repair and Replacement
Handyman,Trash Removal
Handyman,Trash Removal - Beds
Handyman,Tree Installation
Handyman,Tree Limb Removal
Handyman,Tree Removal
Handyman,Trilogy Lock Installation
Handyman,Wall Cleaning
Handyman,Wall Repair
Handyman,Wall Repair and Replacement
Handyman,Wall Replacement and Installation
Handyman,Washer Installation
Handyman,Water Damage Repair
Handyman,Water Heater Repair
Handyman,Water Heater Replacement
Handyman,Window Installation and Replacement
Handyman,Wiring Installation
Handyman,Wiring Repair
Inspections,Backflow Inspection
Inspections,CAM Inspection
Inspections,Ceiling Tiles
Inspections,Dark Store Inspection
Inspections,Electrical/Wiring Inspection
Inspections,FLS Inspection
Inspections,General Inspection
Inspections,HVAC Inspection
Inspections,Interior Inspection
Inspections,Landscaping Inspection
Inspections,Parking Lot Inspection
Inspections,Roofing Inspection
Inspections,Snow Inspection
Irrigation,Backflow Maintenance
Irrigation,Backflow Replacement
Irrigation,Backflow Testing
Irrigation,Controller Maintenance and Repair
Irrigation,Directional Boring
Irrigation,Drip Line Repairs
Irrigation,Fire and Sprinkler Safety Backflow Repair
Irrigation,Fountain Maintenance and Repair
Irrigation,General Carpentry
Irrigation,Hand Watering
Irrigation,Irrigation
Irrigation,Irrigation Inspection
Irrigation,Irrigation Installation
Irrigation,Irrigation Line Repair and Replacement
Irrigation,Irrigation Shutdown
Irrigation,Irrigation Startup
Irrigation,Irrigation Winterization
Irrigation,Irrigation Wire Inspection and Repair
Irrigation,Irrigation with Recycled Water System
Irrigation,Landscaping
Irrigation,Lateral Line Repairs
Irrigation,Leak Detection
Irrigation,Main Line Repairs
Irrigation,Mowing
Irrigation,Smart Irrigation Controller Installation
Irrigation,Smart Irrigation Controller Maintenance
Irrigation,Sprinkler Head Replacement
Irrigation,Tree Pruning
Irrigation,Valve Repair and Replacement
Irrigation,Valve Troubleshooting
Irrigation,Wet Check
Janitorial,Assembly - Fixtures/Goods
Janitorial,Auto Scrub (Burnish)
Janitorial,Auto Scrubs
Janitorial,Bio-Hazard Cleaning
Janitorial,Building Exterior Power Washing
Janitorial,Building Preventative Maintenance
Janitorial,Carpet Cleaning
Janitorial,Carpet Cleaning - Large
Janitorial,Carpet Cleaning - Small Area
Janitorial,Carpet Repair and Replacement
Janitorial,Ceiling Cleaning
Janitorial,Concrete Floor Cleaning
Janitorial,Concrete Floor Installation and Repair
Janitorial,Cooler/Freezer Cleaning
Janitorial,Deep Scrub
Janitorial,Duct Cleaning
Janitorial,Eco Waste Clean Up - Interior
Janitorial,Exterior Window Cleaning
Janitorial,Fixture Cleaning
Janitorial,Fixture Repair and Replacement
Janitorial,Floor Repair and Replacement
Janitorial,General Carpentry
Janitorial,General Plumbing
Janitorial,General Pressure Washing
Janitorial,Interior Painting
Janitorial,Janitorial
Janitorial,Janitorial Preventative Maintenance
Janitorial,Laminate Floor Cleaning
Janitorial,Mechanical Repair
Janitorial,Mold Removal
Janitorial,Restroom Cleaning
Janitorial,Rodent Cleans
Janitorial,Spot Cleaning
Janitorial,Store Cleanup/Refresh
Janitorial,Strip and Wax
Janitorial,Tile Floor Cleaning
Janitorial,Tile Repair and Replacement
Janitorial,Vent Cleaning
Janitorial,Wall Cleaning
Janitorial,Water Damage Repair
Landscaping,Aeration
Landscaping,Arborist Tree Maintenance
Landscaping,Assembly - Fixtures/Goods
Landscaping,Backflow Maintenance
Landscaping,Backflow Replacement
Landscaping,Building Access
Landscaping,Building Exterior Power Washing
Landscaping,Building Preventative Maintenance
Landscaping,Ceiling Tiles
Landscaping,Chemical Application - Weeds
Landscaping,Chemical Applications - Disease/insects
Landscaping,Controller Maintenance and Repair
Landscaping,Cracksealing
Landscaping,Disaster Relief
Landscaping,Domestic Backflow Inspection and Repair
Landscaping,Door Replacement and Installation
Landscaping,Drain Maintenance and Repair
Landscaping,Drip Line Repairs
Landscaping,Drop Box Removal
Landscaping,Extensive Clog
Landscaping,Exterior Painting
Landscaping,Exterior Repair/Replacement
Landscaping,Fall Cleanup
Landscaping,Fence Installation and Repair
Landscaping,Fertilization
Landscaping,Fixture Repair and Replacement
Landscaping,Floor Repair and Replacement
Landscaping,Flower Installation
Landscaping,Fountain Maintenance and Repair
Landscaping,Gate Maintenance and Repair
Landscaping,General Carpentry
Landscaping,General Equipment Repair
Landscaping,General Plumbing
Landscaping,General Pressure Washing
Landscaping,Gutter Maintenance and Repair
Landscaping,Hand Watering
Landscaping,High Palm Tree Pruning
Landscaping,High Tree Pruning
Landscaping,Homeless Encampment Clean Up
Landscaping,Hot Patch
Landscaping,Irrigation Inspection
Landscaping,Irrigation Installation
Landscaping,Irrigation Line Repair and Replacement
Landscaping,Irrigation Shutdown
Landscaping,Irrigation Startup
Landscaping,Irrigation Winterization
Landscaping,Landscaping
Landscaping,Landscaping Inspection
Landscaping,Large Debris Removal (Bulk Trash)
Landscaping,Lateral Line Repairs
Landscaping,Leaf Cleanup
Landscaping,Leak Detection
Landscaping,Leak Detection and Repair
Landscaping,Main Line Repair and Replacement
Landscaping,Main Line Repairs
Landscaping,Mechanical Repair
Landscaping,Mowing
Landscaping,Mulch Turning
Landscaping,Mulching
Landscaping,Native Mowing
Landscaping,Outlet Repair and Replacement
Landscaping,Overseeding
Landscaping,Palm Tree Pruning
Landscaping,Parking Lot Repair and Replacement
Landscaping,Parking Lot Sweeping - Manual
Landscaping,Parking Lot Sweeping - Truck
Landscaping,Pest Control
Landscaping,Pine Straw Installation
Landscaping,Plant Material
Landscaping,Porta Potty/Hand Washing Rental
Landscaping,Retaining Wall Installation
Landscaping,Retention Pond Maintenance
Landscaping,River Rock Install
Landscaping,Routine Landscaping Service
Landscaping,Routine Lotsweeping Service
Landscaping,Rust Treatment
Landscaping,Sealcoating
Landscaping,Shrub Fertilization
Landscaping,Shrub Installation
Landscaping,Shrub Pruning
Landscaping,Shrub Removal
Landscaping,Signage
Landscaping,Smart Irrigation Controller Maintenance
Landscaping,Snow Plowing Full
Landscaping,Sod
Landscaping,Spring Cleanup
Landscaping,Sprinkler Head Replacement
Landscaping,Stabilization Services
Landscaping,Stone and Masonry
Landscaping,Storm Cleanup
Landscaping,Storm Drain Cleaning
Landscaping,Top Dress Mulch
Landscaping,Trash Can Cleaning
Landscaping,Trash Removal
Landscaping,Tree Fertilization
Landscaping,Tree Installation
Landscaping,Tree Limb Removal
Landscaping,Tree Pruning
Landscaping,Tree Removal
Landscaping,Valve Repair and Replacement
Landscaping,Wall Repair
Landscaping,Water Damage Repair
Landscaping,Wet Check
Locksmith,Alarm Installation and Repair
Locksmith,Appliances
Locksmith,Assembly - Fixtures/Goods
Locksmith,Automatic Door Lock Repair and Replacement
Locksmith,Automatic Security Gate Repair and Replacemenet
Locksmith,Basic Clog
Locksmith,Breaker Repair
Locksmith,Building Access
Locksmith,Building Preventative Maintenance
Locksmith,Cabinet Installation
Locksmith,Communication Systems
Locksmith,Countertop Repairs
Locksmith,Display Case Lock Repair and Replacement
Locksmith,Domestic Backflow Inspection and Repair
Locksmith,Door Alarm Repair and Replacement
Locksmith,Door Lock Installation and Replacement
Locksmith,Door Replacement and Installation
Locksmith,Drop Box Removal
Locksmith,Electrical - Alarm
Locksmith,Emergency Exit Door Lock Repair and Replacement
Locksmith,Extensive Clog
Locksmith,Exterior Painting
Locksmith,Faucet/Sink Repair and Replacement
Locksmith,Fence Installation and Repair
Locksmith,Fixture Repair and Replacement
Locksmith,Fixtures
Locksmith,Floor Repair and Replacement
Locksmith,Gate Lock Removal and Replacement
Locksmith,Gate Maintenance and Repair
Locksmith,General Carpentry
Locksmith,General Equipment Repair
Locksmith,General Plumbing
Locksmith,Glass Panel Installation and Repair
Locksmith,"Glass Repair, Replacement, Tinting"
Locksmith,Interior Painting
Locksmith,Loading Dock Repair and Replacement
Locksmith,Lockbox Installation and Repair
Locksmith,Locksmith
Locksmith,Mailbox Lock Repair and Replacement
Locksmith,Mechanical Repair
Locksmith,Outlet Repair and Replacement
Locksmith,Overhead Doors
Locksmith,"Painting, large"
Locksmith,Pest Control
Locksmith,Propane Tank Lock Removal and Replace
Locksmith,Re-Key
Locksmith,Roof Hatch Lock Replacement
Locksmith,Roof Repair and Maintenance
Locksmith,Safe Installation and Repair
Locksmith,Security Gate Lock Removal and Replacement
Locksmith,Security Gate Repair and Replacement
Locksmith,Security Systems
Locksmith,Shelf Installation
Locksmith,Sign Repair and Installation
Locksmith,Stabilization Services
Locksmith,Storm Drain Cleaning
Locksmith,Stuck Key
Locksmith,Tile Repair and Replacement
Locksmith,Trilogy Lock Installation
Locksmith,Wall Repair
Locksmith,Waste Corral Gate Lock Removal and Replacement
Locksmith,Wiring Installation
Locksmith,Wiring Repair
Lot Sweeping,Asphalt Paving
Lot Sweeping,Fall Cleanup
Lot Sweeping,General Carpentry
Lot Sweeping,Homeless Encampment Clean Up
Lot Sweeping,Large Debris Removal (Bulk Trash)
Lot Sweeping,Leaf Cleanup
Lot Sweeping,Lot Sweeping
Lot Sweeping,Parking Lot Sweeping - Manual
Lot Sweeping,Parking Lot Sweeping - Truck
Lot Sweeping,Porta Potty/Hand Washing Rental
Lot Sweeping,Recapturing / Recirculating
Lot Sweeping,Routine Landscaping Service
Lot Sweeping,Routine Lot Sweeping Service
Lot Sweeping,Routine Lotsweeping Service
Lot Sweeping,Routine Portering Service
Lot Sweeping,Spring Cleanup
Lot Sweeping,Storm Cleanup
Lot Sweeping,Trash Removal
Lot Sweeping,Trash Removal - Beds
Lot Sweeping,Tree Limb Removal
Lot Sweeping,Tree Removal
Parking Lot Repair,Annual Heater PM Services
Parking Lot Repair,Asphalt Milling
Parking Lot Repair,Asphalt Paving
Parking Lot Repair,Assembly - Fixtures/Goods
Parking Lot Repair,Ballast
Parking Lot Repair,Basic Clog
Parking Lot Repair,Bollard Repair
Parking Lot Repair,Bollard Repair and Replacement
Parking Lot Repair,Bollard Replacement
Parking Lot Repair,Building Access
Parking Lot Repair,Building Exterior Power Washing
Parking Lot Repair,Building Preventative Maintenance
Parking Lot Repair,Cold Patch
Parking Lot Repair,Concrete Construction
Parking Lot Repair,Concrete Floor Installation and Repair
Parking Lot Repair,Cracksealing
Parking Lot Repair,Curb Repair
Parking Lot Repair,Door Lock Installation and Replacement
Parking Lot Repair,Drain Maintenance and Repair
Parking Lot Repair,Extensive Clog
Parking Lot Repair,Exterior Lighting
Parking Lot Repair,Exterior Painting
Parking Lot Repair,Fence Installation and Repair
Parking Lot Repair,Fixture Repair and Replacement
Parking Lot Repair,Fixtures
Parking Lot Repair,Floor Repair and Replacement
Parking Lot Repair,Gate Maintenance and Repair
Parking Lot Repair,General Carpentry
Parking Lot Repair,General Plumbing
Parking Lot Repair,General Pressure Washing
Parking Lot Repair,Generator Hookup
Parking Lot Repair,Guardrail Repair and Installation
Parking Lot Repair,Gutter Maintenance and Repair
Parking Lot Repair,Hot Patch
Parking Lot Repair,Hot Patch - Large
Parking Lot Repair,Hot Patch - Small
Parking Lot Repair,Infrared Paving
Parking Lot Repair,Interior Painting
Parking Lot Repair,Irrigation Line Repair and Replacement
Parking Lot Repair,Jetting
Parking Lot Repair,Large Debris Removal (Bulk Trash)
Parking Lot Repair,Leak Detection and Repair
Parking Lot Repair,Loading Dock Repair and Replacement
Parking Lot Repair,Mechanical Repair
Parking Lot Repair,Mill & Overlay
Parking Lot Repair,Mulching
Parking Lot Repair,Parking Lot Repair and Replacement
Parking Lot Repair,Pest Control
Parking Lot Repair,Pressure Wash Dumpster/Compactor Areas
Parking Lot Repair,Routine Lotsweeping Service
Parking Lot Repair,Sealcoating
Parking Lot Repair,Sewer Maintenance and Repair
Parking Lot Repair,Shrub Removal
Parking Lot Repair,Sidewalk Repair and Replacement
Parking Lot Repair,Sign Repair and Installation
Parking Lot Repair,Spring Cleanup
Parking Lot Repair,Stabilization Services
Parking Lot Repair,Storm Cleanup
Parking Lot Repair,Storm Drain Cleaning
Parking Lot Repair,Striping
Parking Lot Repair,Wall Repair
Parking Lot Repair,Wiring Installation
Plumbing,A/C Unit Repair and Replacement
Plumbing,Air Compressor Installation
Plumbing,Air Compressor Repair
Plumbing,Annual Heater PM Services
Plumbing,Appliances
Plumbing,Asphalt Paving
Plumbing,Assembly - Fixtures/Goods
Plumbing,Backflow Inspection
Plumbing,Basic Clog
Plumbing,Bio-Hazard Cleaning
Plumbing,Boiler Installation
Plumbing,Breaker Repair
Plumbing,Building Access
Plumbing,Building Preventative Maintenance
Plumbing,Cabinet Installation
Plumbing,Camera Inspection
Plumbing,Ceiling Tiles
Plumbing,Chemical Application - Weeds
Plumbing,Cold Case
Plumbing,Concrete Construction
Plumbing,Concrete Floor Installation and Repair
Plumbing,Countertop Repairs
Plumbing,Disaster Relief
Plumbing,Dish Washer Installation
Plumbing,Domestic Backflow Inspection and Repair
Plumbing,Door Lock Installation and Replacement
Plumbing,Door Replacement and Installation
Plumbing,Drain Maintenance and Repair
Plumbing,Dumpster/Dumpster Enclosure Repair
Plumbing,Extensive Clog
Plumbing,Exterior Lighting
Plumbing,Exterior Painting
Plumbing,Exterior Repair/Replacement
Plumbing,Faucet/Sink Repair and Replacement
Plumbing,Fence Installation and Repair
Plumbing,Fire Alarm PMI
Plumbing,Fire Line Backflow PMI
Plumbing,Fire Line Backflow Repair
Plumbing,Fire Specialist
Plumbing,Fire and Sprinkler Safety Backflow Repair
Plumbing,Fixture Repair and Replacement
Plumbing,Fixtures
Plumbing,Floor Repair and Replacement
Plumbing,Flooring Installation
Plumbing,Flush Valve Repair and Replacement
Plumbing,Gas Heater Repair and Replacement
Plumbing,Gas Leak (Urgent)
Plumbing,Gas Line Installation and Repair
Plumbing,Gas Piping
Plumbing,Gate Maintenance and Repair
Plumbing,General Carpentry
Plumbing,General Fixtures
Plumbing,General Plumbing
Plumbing,Grease Trap
Plumbing,Gutter Maintenance and Repair
Plumbing,Handyman
Plumbing,Hot Patch - Small
Plumbing,Interior Inspection
Plumbing,Interior Painting
Plumbing,Interior Window Cleaning
Plumbing,Irrigation
Plumbing,Irrigation Line Repair and Replacement
Plumbing,Irrigation Winterization
Plumbing,Janitorial Preventative Maintenance
Plumbing,Jetting
Plumbing,Jetting with Trailer Jetter
Plumbing,Leak Detection
Plumbing,Leak Detection and Repair
Plumbing,Leak Detection and Repair - Major
Plumbing,Lift Station Maintenance
Plumbing,Loading Dock Repair and Replacement
Plumbing,Lockbox Installation and Repair
Plumbing,Main Line Repair and Replacement
Plumbing,Mechanical Repair
Plumbing,Oil Pump Installation
Plumbing,Outlet Repair and Replacement
Plumbing,Parking Lot Repair and Replacement
Plumbing,Pest Control
Plumbing,Pest Exclusion
Plumbing,Plumbing
Plumbing,Plumbing Preventative Maintenance
Plumbing,Porta Potty/Hand Washing Rental
Plumbing,Re-Key
Plumbing,Refrigeration Repair and Replacement
Plumbing,Restroom Cleaning
Plumbing,Retention Pond Maintenance
Plumbing,River Rock Install
Plumbing,Roof Drains
Plumbing,Safety Repairs
Plumbing,Security Systems
Plumbing,Septic Pump Out
Plumbing,Sewer Backup
Plumbing,Sewer Backup - Major
Plumbing,Sewer Maintenance
Plumbing,Sewer Maintenance and Repair
Plumbing,Sewer Repair
Plumbing,Shelf Installation
Plumbing,Showroom Preventative Maintenance
Plumbing,Sidewalk Repair and Replacement
Plumbing,Sign Repair and Installation
Plumbing,Spot Cleaning
Plumbing,Sprinklers Repair
Plumbing,Stabilization Services
Plumbing,Store Cleanup/Refresh
Plumbing,Storm Drain Cleaning
Plumbing,Sump Pump Preventative Maintenance
Plumbing,Tile Repair and Replacement
Plumbing,Toilet/Urinal Repair and Replacement
Plumbing,Trilogy Lock Installation
Plumbing,Wall Repair
Plumbing,Water Heater Repair
Plumbing,Water Heater Replacement
Plumbing,Water Line Repair or Replace
Plumbing,Wiring Installation
Plumbing,Wiring Repair
Pool Maintenance,Chemical Treatment
Pool Maintenance,General Maintenance
Pool Maintenance,Leak Detection and Repair
Pool Maintenance,Lighting Repairs
Pool Maintenance,Liner Repair and Replacement
Pool Maintenance,Pool Cleaning
Pool Maintenance,Pool Equipment Repair
Portering,Building Preventative Maintenance
Portering,Cart Retrieval
Portering,Ceiling Tiles
Portering,Cob Web Cleaning
Portering,Eco Waste Clean Up
Portering,Eco Waste Clean Up - Exterior
Portering,Eco Waste Clean Up - Interior
Portering,Fall Cleanup
Portering,Fence Installation and Repair
Portering,General Carpentry
Portering,Graffiti Removal
Portering,Homeless Encampment Clean Up
Portering,Interior & Exterior Cleaning
Portering,Large Debris Removal (Bulk Trash)
Portering,Leaf Cleanup
Portering,Lift Station Maintenance
Portering,Porta Potty/Hand Washing Rental
Portering,Portering
Portering,Retention Pond Maintenance
Portering,Routine Portering Service
Portering,Sign Repair and Installation
Portering,Spot Cleaning
Portering,Striping
Portering,Trash Can Cleaning
Portering,Trash Can Liner Replacement
Portering,Trash Removal
Portering,Vacancy Cleaning
Portering,Wall Replacement and Installation
Pressure Washing,Assembly - Fixtures/Goods
Pressure Washing,Building Exterior Power Washing
Pressure Washing,Building Preventative Maintenance
Pressure Washing,Chemical Application - Weeds
Pressure Washing,Concrete Floor Cleaning
Pressure Washing,Exterior Painting
Pressure Washing,General Carpentry
Pressure Washing,General Pressure Washing
Pressure Washing,Pressure Wash Awning
Pressure Washing,Pressure Wash Dumpster/Compactor Areas
Pressure Washing,Pressure Wash Garden Center
Pressure Washing,Pressure Wash Vehicles
Pressure Washing,Pressure Wash Vestibule
Pressure Washing,Pressure Wash and Degrease
Pressure Washing,Pressure Wash with Algae Removal
Pressure Washing,Pressure Washing
Pressure Washing,Pressure Washing with Water Reclamation
Pressure Washing,Roof Pressure Washing
Pressure Washing,Sidewalk Pressure Washing w/o Gum Removal
Pressure Washing,Trash Removal
Security,Alarm Installation and Repair
Security,Automatic Security Gate Repair and Replacemenet
Security,Fire watch
Security,On Site Security Services
Security,Security Camera Installation and Maintenance
Security,Security Door Repair and Replacement
Security,Security Gate Repair and Replacement
Security,Security System Assessment
Security,Uniformed Officer - Security Services
Showroom Repair,Assembly - Fixtures/Goods
Showroom Repair,Building Preventative Maintenance
Showroom Repair,Concrete Wall Installation and Removal
Showroom Repair,Fixture Repair and Replacement
Showroom Repair,Fixtures
Showroom Repair,Gas Piping
Showroom Repair,General Carpentry
Showroom Repair,General Fixtures
Showroom Repair,Interior Lighting
Showroom Repair,Interior Painting
Showroom Repair,Outlet Repair and Replacement
Showroom Repair,Showroom Preventative Maintenance
Showroom Repair,Wall Repair
Showroom Repair,Wall Replacement and Installation
Showroom Repair,Water Heater Replacement
Snow Removal,Building Preventative Maintenance
Snow Removal,Deicing
Snow Removal,Deicing Full
Snow Removal,Deicing Partial
Snow Removal,Fence Installation and Repair
Snow Removal,Fixture Repair and Replacement
Snow Removal,General Carpentry
Snow Removal,Irrigation Winterization
Snow Removal,Pest Control
Snow Removal,Post-Treatment
Snow Removal,Pre-Treatment
Snow Removal,Rooftop Snow Removal
Snow Removal,Routine Landscaping Service
Snow Removal,Routine Lotsweeping Service
Snow Removal,Sidewalk Repair and Replacement
Snow Removal,Snow Hauling
Snow Removal,Snow Inspection
Snow Removal,Snow Melting
Snow Removal,Snow Plowing
Snow Removal,Snow Plowing Full
Snow Removal,Snow Plowing Partial
Snow Removal,Snow Removal
Snow Removal,Snow Shoveling
Snow Removal,Storm Cleanup
Snow Removal,Wall Repair
Window Cleaning,Assembly - Fixtures/Goods
Window Cleaning,Exterior Window Cleaning
Window Cleaning,General Carpentry
Window Cleaning,Glass Repair or Replacement
Window Cleaning,High Rise Window Cleaning
Window Cleaning,Interior & Exterior Cleaning
Window Cleaning,Interior Window Cleaning
Window Cleaning,Janitorial Preventative Maintenance
